address,phone,address2,_GC_TYPE,_CLEANADDR,_X,_Y,address2
서울시 강남구 학동로 211 1층,02-3444-9973,서울특별시 강남구 학동로 211 1층,정,서울특별시 강남구 학동로 211 (논현동),127.03207477809852,37.51469338372007,
서울 강남구 삼성동 159 코엑스몰 지하2층,02-6002-3320,서울특별시 강남구 삼성동 159 코엑스몰 지하2층,정,서울특별시 강남구 삼성동 159,127.05882788390016,37.51259685678259,
서울시 서초구 서초 1306-3호,02-593-5095,서울특별시 서초구 서초 1306-3호,정,서울특별시 서초구 서초동 1306,127.02576679158672,37.500455387240365,
서울시 강남구 광평로 280 수서동 724호,02-3412-2326,서울특별시 강남구 광평로 280 수서동 724호,정,서울특별시 강남구 광평로 280 (수서동),127.1030787120978,37.487309156695375,
서울시 강남구 논현로 566 강남차병원1층,02-538-7615,서울특별시 강남구 논현로 566 강남차병원1층,정,서울특별시 강남구 논현로 566 (역삼동),127.0347381128306,37.50703961314565,
서울시 서초구 강남대로 369 1층,02-588-5778,서울특별시 서초구 강남대로 369 1층,정,서울특별시 서초구 강남대로 369 (서초동),127.02820816295832,37.49567407019134,
"서울시 강남구 압구정로 461 네이처포엠빌딩B108,109호",02-548-6052,"서울특별시 강남구 압구정로 461 네이처포엠빌딩B108,109호",정,서울특별시 강남구 압구정로 461 (청담동),127.047233143755,37.5252497901454,
서울시 강남구 압구정로 46길 3,02-541-5832,서울특별시 강남구 압구정로 46길 3,유,서울특별시 강남구 압구정로46길 4 (신사동),127.03664021774428,37.52839196081141,
서울시 강남구 도산대로 126,02-548-2741,서울특별시 강남구 도산대로 126,정,서울특별시 강남구 도산대로 126 (논현동),127.02240959317812,37.51696625733457,
서울시 강남구 논현로 842 압구정빌딩1층,02-544-6823,서울특별시 강남구 논현로 842 압구정빌딩1층,정,서울특별시 강남구 논현로 842 (신사동),127.0287288245563,37.52395850696684,
"서울시 강남구 논현로 512  지상1,2층",02-569-8051,"서울특별시 강남구 논현로 512 지상1,2층",정,서울특별시 강남구 논현로 512 (역삼동),127.03652127879646,37.50234990298033,
"서울시 강남구 언주로 30길 10,112 현대비젼21 112호",02-572-2781,"서울특별시 강남구 언주로 30길 10,112 현대비젼21 112호",유,서울특별시 강남구 언주로30길 10 (도곡동),127.05155363011512,37.487339435701706,
서울시 강남구 테헤란로 87길 17 1층,02-539-5174,서울특별시 강남구 테헤란로 87길 17 1층,정,서울특별시 강남구 테헤란로87길 17 (삼성동),127.05832178910876,37.50872810127264,
서울시 서초구 강남대로 213 24호 지하1층,02-578-6833,서울특별시 서초구 강남대로 213 24호 지하1층,정,서울특별시 서초구 강남대로 213 (양재동),127.03490600102366,37.48272747691944,
서울 서초구 반포동 736-17 P빌딩 2층,02-3443-2096,서울특별시 서초구 반포동 736-17 P빌딩 2층,정,서울특별시 서초구 반포동 736-17,127.02279287358076,37.50679183531405,
서울시 강남구 삼성로 716 LEE76빌딩2층,02-542-2053,서울특별시 강남구 삼성로 716 LEE76빌딩2층,정,서울특별시 강남구 삼성로 716 (청담동),127.0500240962746,37.51990947521295,
"서울시 강남구 선릉로 749 1,2층",02-544-3794,"서울특별시 강남구 선릉로 749 1,2층",유,서울특별시 강남구 선릉로 749 (논현동),127.039453736855,37.52148771665884,
서울시 강남구 선릉로 157길 12 석전빌딩 1~4층,02-3445-5093,서울특별시 강남구 선릉로 157길 12 석전빌딩 1~4층,정,서울특별시 강남구 선릉로157길 12 (신사동),127.03901263504208,37.52611450661664,
서울시 서초구 서초중앙로 118  1층,02-585-3981,서울특별시 서초구 서초중앙로 118 1층,정,서울특별시 서초구 서초중앙로 118 (서초동),127.01422857554502,37.4924198910902,
"서울시 강남구 도산대로49길 13 1층 17,18호",02-543-5922,"서울특별시 강남구 도산대로49길 13 1층 17,18호",정,서울특별시 강남구 도산대로49길 13 (신사동),127.03708376881625,37.523756360569294,
서울시 강남구 선릉로 64길 23 1층,02-557-0510,서울특별시 강남구 선릉로 64길 23 1층,정,서울특별시 강남구 선릉로64길 23 (대치동),127.05417825242736,37.49830053879956,
서울시 강남구 영동대로 511 트레이드타워 지하1층,02-6002-6470,서울특별시 강남구 영동대로 511 트레이드타워 지하1층,정,서울특별시 강남구 영동대로 511 (삼성동),127.06099979973578,37.51032126770093,
서울시 강남구 삼성로 85길 11 롯데캐슬아파트생활편익시설동,02-3453-8077,서울특별시 강남구 삼성로 85길 11 롯데캐슬아파트생활편익시설동,정,서울특별시 강남구 삼성로85길 11 (대치동),127.0563174202264,37.50498630073347,
서울시 강남구 논현 231-13호 팍스타워지하1층,02-513-3870,서울특별시 강남구 논현 231-13호 팍스타워지하1층,정,서울특별시 강남구 논현동 231,127.0359642205284,37.51004713146813,
서울 강남구 영동대로 513 컨벤션별관A동 지하 2층,02-3466-8507,서울특별시 강남구 영동대로 513 컨벤션별관A동 지하 2층,정,서울특별시 강남구 영동대로 513 (삼성동),127.05903692464555,37.51201832920066,
"서울시 강남구 영동대로 607 12번지 1,2층",02-3443-5618,"서울특별시 강남구 영동대로 607 12번지 1,2층",유,서울특별시 강남구 영동대로 607 (삼성동),127.059486925369,37.514548646463794,
서울시 서초구 강남대로 51길 1 511 TOWER  1층,02-582-0158,서울특별시 서초구 강남대로 51길 1 511 TOWER 1층,유,서울특별시 서초구 강남대로51길 1 (서초동),127.03026258079018,37.491287912705786,
서울시 강남구 논현로 717 1층,02-3443-5575,서울특별시 강남구 논현로 717 1층,정,서울특별시 강남구 논현로 717 (논현동),127.0295368233834,37.51596129087994,
"서울시 서초구 서초동 1685-8호 101~2호,113~4호,121호",02-3477-5580,"서울특별시 서초구 서초동 1685-8호 101~2호,113~4호,121호",정,서울특별시 서초구 서초동 1685,127.01560090851564,37.4987295970457,
서울시 서초구 신반포로 23 1141호 엘루체백화점내1층1013~1015호,02-3477-5571,서울특별시 서초구 신반포로 23 1141호 엘루체백화점내1층1013~1015호,정,서울특별시 서초구 신반포로 23 (반포동),126.98723035699052,37.501745231618266,
서울시 강남구 테헤란로 20길 10 쓰리엠타워1층,02-554-9962,서울특별시 강남구 테헤란로 20길 10 쓰리엠타워1층,정,서울특별시 강남구 테헤란로20길 10 (역삼동),127.03414212235208,37.49908773799254,
서울시 송파구 석촌호수로 118 1층,02-416-9520,서울특별시 송파구 석촌호수로 118 1층,정,서울특별시 송파구 석촌호수로 118 (잠실동),127.0900350975532,37.50744047150724,
"서울시 서초구 효령로 117  3,4층",02-521-4562,"서울특별시 서초구 효령로 117 3,4층",유,서울특별시 서초구 효령로 117 (방배동),126.99694133146448,37.4814640425878,
서울시 서초구 서초대로74길 4 삼성생명보험서초타워내지하1층,02-581-5562,서울특별시 서초구 서초대로74길 4 삼성생명보험서초타워내지하1층,정,서울특별시 서초구 서초대로74길 4 (서초동),127.02565413698,37.49680361608399,
서울특별시 서초구 방배중앙로 187,02-592-7794,서울특별시 서초구 방배중앙로 187,정,서울특별시 서초구 방배중앙로 187 (방배동),126.98551882887102,37.495718223364975,
서울시 강남구 테헤란로 70길 12 1층,02-538-9927,서울특별시 강남구 테헤란로 70길 12 1층,정,서울특별시 강남구 테헤란로70길 12 (대치동),127.0531577140996,37.5047422302738,
서울시 강남구 논현로 38길 42 418호,02-529-9947,서울특별시 강남구 논현로 38길 42 418호,정,서울특별시 강남구 논현로38길 42 (도곡동),127.04503830489378,37.48557108263978,
서울시 서초구 서초대로74길 11 지하2층,02-2055-1142,서울특별시 서초구 서초대로74길 11 지하2층,정,서울특별시 서초구 서초대로74길 11 (서초동),127.02694186106164,37.49657302976404,
서울시 강남구 봉은사로 628 엘슨빌딩1층,02-538-4523,서울특별시 강남구 봉은사로 628 엘슨빌딩1층,정,서울특별시 강남구 봉은사로 628 (삼성동),127.0641641421308,37.5146701999603,
서울시 서초구 서초중앙로 43 로얄타워1층,02-523-3671,서울특별시 서초구 서초중앙로 43 로얄타워1층,정,서울특별시 서초구 서초중앙로 43 (서초동),127.0155830852542,37.48553764327178,
서울시 용산구 이촌로 303 현대아파트상가11동102호,02-792-3677,서울특별시 용산구 이촌로 303 현대아파트상가11동102호,정,서울특별시 용산구 이촌로 303 (이촌동),126.98261233581998,37.5187632474336,
서울시 송파구 오금로 11길 7,02-415-5561,서울특별시 송파구 오금로 11길 7,정,서울특별시 송파구 오금로11길 7 (방이동),127.10796605813547,37.514557394769845,
서울시 중구 순화202  1-94 프레이저플레이스레지던스1층,02-2220-8198,서울특별시 중구 순화202 1-94 프레이저플레이스레지던스1층,유,서울특별시 중구 순화동 204-2,126.97219753521178,37.55952199350004,
서울 종로구 서린동 136 센트리얼빌딩 1층,02-3210-2326,서울특별시 종로구 서린동 136 센트리얼빌딩 1층,정,서울특별시 종로구 서린동 136,126.9788623363628,37.569762320908936,
서울시 종로구 대학로 10길 5 1-60호,02-762-3146,서울특별시 종로구 대학로 10길 5 1-60호,유,서울특별시 종로구 대학로10길 5 (동숭동),127.00258055450227,37.58185182753511,
"서울시 강남구 도산대로 67길 7,파크빌딩 1층",02-514-5622,"서울특별시 강남구 도산대로 67길 7,파크빌딩 1층",정,서울특별시 강남구 도산대로67길 7 (청담동),127.04439462669804,37.52449099400458,
서울시 강남구 테헤란로87길 36 공항타워 1층,02-2016-5330,서울특별시 강남구 테헤란로87길 36 공항타워 1층,정,서울특별시 강남구 테헤란로87길 36 (삼성동),127.05859694754976,37.51023309709225,
서울시 강남구 테헤란로4길 28 826-28호 1층,02-563-3655,서울특별시 강남구 테헤란로4길 28 826-28호 1층,유,서울특별시 강남구 테헤란로4길 28 (역삼동),127.0300995957287,37.49652654445149,
서울시 서대문구 창천 18-26호 B1,02-363-5572,서울특별시 서대문구 창천 18-26호 B1,유,서울특별시 서대문구 창천동 18-1,126.93753788679652,37.55739324476007,
"서울시 종로구 청계천로 83 11-4호 지하1,지상1~3층",02-738-5333,"서울특별시 종로구 청계천로 83 11-4호 지하1,지상1~3층",유,서울특별시 종로구 청계천로 83 (관철동),126.98672817174987,37.56847626882576,
서울시 종로구 새문안로3길 23 경희궁아침상가4단지105외,02-730-8896,서울특별시 종로구 새문안로3길 23 경희궁아침상가4단지105외,정,서울특별시 종로구 새문안로3길 23 (내수동),126.97244086533242,37.57263259172954,
서울시 성북구 개운사길8 101-3 1층,02-953-6652,서울특별시 성북구 개운사길8 101-3 1층,유,서울특별시 성북구 개운사길 8 (안암동5가),127.0295370311495,37.58673136566221,
서울시 마포구 홍익로 6길 26,02-333-4278,서울특별시 마포구 홍익로 6길 26,정,서울특별시 마포구 홍익로6길 26 (동교동),126.92326196901304,37.55547186421205,
서울시 중구 칠패로 27 151호,02-3789-3347,서울특별시 중구 칠패로 27 151호,정,서울특별시 중구 칠패로 27 (순화동),126.97199102532078,37.56030583998443,
서울시 성동구 왕십리 광장로 17 왕십리민자역사ENTER6내1층,02-2200-6120,서울특별시 성동구 왕십리 광장로 17 왕십리민자역사ENTER6내1층,정,서울특별시 성동구 왕십리광장로 17 (행당동),127.03834485229176,37.56146573169716,
서울시 광진구 광나루로56길 85 테크노마트9층35호,02-3424-5480,서울특별시 광진구 광나루로56길 85 테크노마트9층35호,정,서울특별시 광진구 광나루로56길 85 (구의동),127.09574341323912,37.5356547963703,
부산광역시 중구 창선동 2가 8-2,051-243-9105,부산광역시 중구 창선동 2가 8-2,정,부산광역시 중구 창선동2가 8-2,129.0289902993198,35.099433440609545,
서울시 동대문구 이문로 106 1~3층,02-959-7750,서울특별시 동대문구 이문로 106 1~3층,유,서울특별시 동대문구 이문로 106 (이문동),127.0602178868052,37.59606911062929,
서울시 광진구 자양동 227-342호 롯데백화점 옆 더클래식500건물 1층,02-444-9861,서울특별시 광진구 자양동 227-342호 롯데백화점 옆 더클래식500건물 1층,유,서울특별시 광진구 자양동 227-1,127.0768319329668,37.53787416864046,
서울 중구 남대문로7길 16 한컴빌딩 1층,02-753-8004,서울특별시 중구 남대문로7길 16 한컴빌딩 1층,정,서울특별시 중구 남대문로7길 16 (소공동),126.98116394422998,37.56416829544853,
서울시 양천구 목동동로 293 현대41타워1층,02-2654-5981,서울특별시 양천구 목동동로 293 현대41타워1층,정,서울특별시 양천구 목동동로 293 (목동),126.8757545778536,37.52817201867787,
서울 종로구 새문안로 9길 25 1층,02-720-5561,서울특별시 종로구 새문안로 9길 25 1층,정,서울특별시 종로구 새문안로9길 25 (당주동),126.97548179162092,37.57135206536631,
"서울시 서대문구 신촌역로 20  27-27,16,65,61호",02-312-5568,"서울특별시 서대문구 신촌역로 20 27-27,16,65,61호",유,서울특별시 서대문구 신촌역로 20 (대현동),126.94313734336406,37.55836848746912,
서울시 노원구 한글비석로 263 1층,02-931-3055,서울특별시 노원구 한글비석로 263 1층,정,서울특별시 노원구 한글비석로 263 (중계동),127.07646799584396,37.65118301183012,
서울시 영등포구 의사당대로 97 26-4 교보증권빌딩1층,02-783-6058,서울특별시 영등포구 의사당대로 97 26-4 교보증권빌딩1층,유,서울특별시 영등포구 의사당대로 97-2 (여의도동),126.92444765865982,37.52210487174765,
경기도 고양시 일산서구 대화동 2602 현대백화점킨텍스점 5F,031-822-3575,경기도 고양시 일산서구 대화동 2602 현대백화점킨텍스점 5F,정,경기도 고양시 일산서구 대화동 2602,126.75162908351736,37.66801304425778,
서울시 중구 한강대로 416 지하1층,02-6456-8907,서울특별시 중구 한강대로 416 지하1층,정,서울특별시 중구 한강대로 416 (남대문로5가),126.97376283576268,37.55552006097673,
서울 영등포구 국제금융로 52 심팩빌딩 1층,02-783-2043,서울특별시 영등포구 국제금융로 52 심팩빌딩 1층,정,서울특별시 영등포구 국제금융로 52 (여의도동),126.9295040730344,37.52272763815878,
"인천광역시 남동구 예술로 138 지상1,2층",032-421-3418,"인천광역시 남동구 예술로 138 지상1,2층",정,인천광역시 남동구 예술로 138 (구월동),126.70100636159358,37.44624139865881,
"서울시 종로구 사직로 130,1 현대적선빌딩1층",02-733-5108,"서울특별시 종로구 사직로 130,1 현대적선빌딩1층",유,서울특별시 종로구 사직로 130 (적선동),126.97281382877904,37.57589629104472,
경기도 고양시 일산동구 장항동 764 라페스타C동,031-907-2326,경기도 고양시 일산동구 장항동 764 라페스타C동,정,경기도 고양시 일산동구 장항동 764 C동,126.76877605669829,37.661339622863416,
경기도 성남시 분당구 야탑동354 분당차병원신관1층분당차1호,031-781-0471,경기도 성남시 분당구 야탑동354 분당차병원신관1층분당차1호,유,경기도 성남시 분당구 야탑동 354-1,127.12634651932768,37.41115031139566,
서울시 금천구 시흥대로 201 1층,02-803-9994,서울특별시 금천구 시흥대로 201 1층,정,서울특별시 금천구 시흥대로 201 (시흥동),126.9007895884648,37.45198091121885,
경남 창원시 성산구 중앙대로 104 마이우스오피스텔 123호 207호,055-211-0737,경남북도 창원시 성산구 중앙대로 104 마이우스오피스텔 123호 207호,대,경상남도,128.37421677500842,35.36836192337513,
"서울시 종로구 대학로 12길 62 지하1층,지상1,2층",02-742-3318,"서울특별시 종로구 대학로 12길 62 지하1층,지상1,2층",정,서울특별시 종로구 대학로12길 62 (동숭동),127.00372105119072,37.581406212290176,
서울시 영등포구 여의서로 43 한서리버파크2층,02-780-7758,서울특별시 영등포구 여의서로 43 한서리버파크2층,정,서울특별시 영등포구 여의서로 43 (여의도동),126.9249207678098,37.53070615932066,
"경기도 성남시 분당구 분당로53번길 11 1층2,3호",031-705-8926,"경기도 성남시 분당구 분당로53번길 11 1층2,3호",정,경기도 성남시 분당구 분당로53번길 11 (서현동),127.12155207247233,37.3840685472974,
세종특별자치시 세종로 2511 고대세종캠퍼스호연학사4관1층,044-862-5144,세종특별자치시 세종로 2511 고대세종캠퍼스호연학사4관1층,정,세종특별자치시 세종로 2511 (조치원읍),127.28431858882522,36.60993591351184,
"서울시 중구 태평로1 84호 SFC빌딩B1,1-4",02-753-2374,"서울특별시 중구 태평로1 84호 SFC빌딩B1,1-4",대,서울특별시 중구,126.99298333010267,37.557866613822455,
경기도 성남시 분당구 황새울로 326 서현빌딩상가내2층,031-705-3188,경기도 성남시 분당구 황새울로 326 서현빌딩상가내2층,정,경기도 성남시 분당구 황새울로 326 (서현동),127.12186627386548,37.38512934035877,
경기도 고양시 일산동구 정발산로 24 I동103~203호,031-931-5573,경기도 고양시 일산동구 정발산로 24 I동103~203호,정,경기도 고양시 일산동구 정발산로 24 (장항동),126.77272593965958,37.65476968065447,
서울시 중구 퇴계로 173 남산스퀘어 1층,02-2273-3181,서울특별시 중구 퇴계로 173 남산스퀘어 1층,정,서울특별시 중구 퇴계로 173 (충무로3가),126.99105851457884,37.56182408251135,
경기도 성남시 분당구 황새울로 214번길8 MSPlaza내1층,031-713-9937,경기도 성남시 분당구 황새울로 214번길8 MSPlaza내1층,정,경기도 성남시 분당구 황새울로214번길 8 (수내동),127.11232568039814,37.378120513404845,
서울 중구 세종대로 136 파이낸스빌딩,070-4140-7003,서울특별시 중구 세종대로 136 파이낸스빌딩,정,서울특별시 중구 세종대로 136 (태평로1가),126.97828394815296,37.56841437177363,
서울시 강남구 테헤란로 312 707-2번지1층,02-558-7101,서울특별시 강남구 테헤란로 312 707-2번지1층,유,서울특별시 강남구 테헤란로 312 (역삼동),127.04503372715884,37.50296446659373,
서울시 영등포구 의사당대로 108 아일렉스상가 1층 101호,02-784-5531,서울특별시 영등포구 의사당대로 108 아일렉스상가 1층 101호,정,서울특별시 영등포구 의사당대로 108 (여의도동),126.92398807196516,37.52101662649655,
경기도 화성시 노작로 199 동탄라마다호텔107호~111호,031-8003-8374,경기도 화성시 노작로 199 동탄라마다호텔107호~111호,정,경기도 화성시 노작로 199 (반송동),127.0746789240899,37.20583964492728,
서울시 강남구 논현로 167길 9 낙산프라자 1층,02-545-3181,서울특별시 강남구 논현로 167길 9 낙산프라자 1층,정,서울특별시 강남구 논현로167길 9 (신사동),127.02742806733232,37.52440210023841,
서울시 강남구 테헤란로 8길 42 1층,02-552-7106,서울특별시 강남구 테헤란로 8길 42 1층,정,서울특별시 강남구 테헤란로8길 42 (역삼동),127.03217418723618,37.49616822633509,
서울시 중구 후암로110 581호 서울시티타워1층,02-777-4217,서울특별시 중구 후암로110 581호 서울시티타워1층,정,서울특별시 중구 후암로 110 (남대문로5가),126.97405633740532,37.5543203646631,
대전시 서구 문정로76 1층,042-471-9805,대전광역시 서구 문정로76 1층,정,대전광역시 서구 문정로 76 (탄방동),127.38769114878912,36.34641499090165,
서울시 강남구 봉은사로 524 코엑스 인터컨티넨탈아케이드,02-569-3103,서울특별시 강남구 봉은사로 524 코엑스 인터컨티넨탈아케이드,정,서울특별시 강남구 봉은사로 524 (삼성동),127.05711615238548,37.5129526305153,
서울시 영등포구 국제금융로10 IFC B2층,02-6137-5054,서울특별시 영등포구 국제금융로10 IFC B2층,정,서울특별시 영등포구 국제금융로 10 (여의도동),126.92593688056672,37.52505839670233,
서울시 강남구 선릉로93길 6(역삼동) 1층,02-552-3177,서울특별시 강남구 선릉로93길 6(역삼동) 1층,정,서울특별시 강남구 선릉로93길 6 (역삼동),127.04789990592155,37.50568507415191,
서울시 송파구 양재대로 1222 올림픽선수A 1층212~3호,02-402-3571,서울특별시 송파구 양재대로 1222 올림픽선수A 1층212~3호,정,서울특별시 송파구 양재대로 1222 (방이동),127.13148768105434,37.51577261231086,
서울시 강남구 선릉로86길 11,02-2051-8875,서울특별시 강남구 선릉로86길 11,정,서울특별시 강남구 선릉로86길 11 (대치동),127.05058691656248,37.503404937225,
서울시 영등포구 국제금융로 20 1층,02-783-3391,서울특별시 영등포구 국제금융로 20 1층,정,서울특별시 영등포구 국제금융로 20 (여의도동),126.92729734506698,37.5248884349813,
"충북 청주시 흥덕구 대농로 17 지웰시티몰 1층 124-1,125,126호",043-238-3151,"충청북도 청주시 흥덕구 대농로 17 지웰시티몰 1층 124-1,125,126호",정,충청북도 청주시 흥덕구 대농로 17 (복대동),127.42418681661913,36.64526786443392,
서울시 강북구 도봉로 352 효성네오인텔리안 101호,02-906-5571,서울특별시 강북구 도봉로 352 효성네오인텔리안 101호,정,서울특별시 강북구 도봉로 352 (번동),127.02696930073104,37.63866278872246,
서울시 구로구 경인로 662 디큐브시티 4층,02-2210-9484,서울특별시 구로구 경인로 662 디큐브시티 4층,정,서울특별시 구로구 경인로 662 (신도림동),126.88925698922525,37.508845568793326,
"서울시 강남구 삼성로 551 1층,2층",02-552-9311,"서울특별시 강남구 삼성로 551 1층,2층",정,서울특별시 강남구 삼성로 551 (삼성동),127.05415057511014,37.51071161669872,
서울 강남구 테헤란로 419 삼성금융플라자1층,02-554-7591,서울특별시 강남구 테헤란로 419 삼성금융플라자1층,정,서울특별시 강남구 테헤란로 419 (삼성동),127.05217954629192,37.505861981933485,
서울시 종로구 삼청로 109,02-730-5177,서울특별시 종로구 삼청로 109,정,서울특별시 종로구 삼청로 109 (삼청동),126.98178684025643,37.585125859497424,
"서울시 서초구 강남대로 267 2,3층",02-523-8841,"서울특별시 서초구 강남대로 267 2,3층",유,서울특별시 서초구 강남대로 267 (서초동),127.03233409153884,37.48716484737309,
서울시 마포구 상암산로 82 SBS프리즘타워 1층,02-2039-9027,서울특별시 마포구 상암산로 82 SBS프리즘타워 1층,정,서울특별시 마포구 상암산로 82 (상암동),126.8927739467516,37.57971592230447,
"서울시 관악구 관악로 161 층일부 2,3층",02-882-3101,"서울특별시 관악구 관악로 161 층일부 2,3층",정,서울특별시 관악구 관악로 161 (봉천동),126.95218405627112,37.47960827311408,
서울시 서초구 사임당로 171(서초동) EWR빌딩 2층,02-522-7158,서울특별시 서초구 사임당로 171(서초동) EWR빌딩 2층,정,서울특별시 서초구 사임당로 171 (서초동),127.02836325529704,37.49274806703658,
경기도 수원시 팔달구 권광로 195 학산빌딩1층,031-233-5631,경기도 수원시 팔달구 권광로 195 학산빌딩1층,정,경기도 수원시 팔달구 권광로 195 (인계동),127.03268782912568,37.26496108417198,
"서울시 종로구 율곡로 47 1,2층",02-722-3356,"서울특별시 종로구 율곡로 47 1,2층",유,서울특별시 종로구 율곡로 47 (안국동),126.98458775537812,37.5763388699383,
충북 청주시 상당구 상당로69번길20 2~4층,043-221-2373,충청북도 청주시 상당구 상당로69번길20 2~4층,유,충청북도 청주시 상당구 상당로69번길 20 (북문로1가),127.48929164056048,36.63454527652986,
"서울시 서초구 강남대로 449-3 알고코리아빌딩 1,2층",02-591-5177,"서울특별시 서초구 강남대로 449-3 알고코리아빌딩 1,2층",정,서울특별시 서초구 강남대로 449-3 (서초동),127.02488012974308,37.50235452841711,
서울시 중랑구 망우로 353 프레미어스엠코 엔터식스 B동 2층,02-437-8891,서울특별시 중랑구 망우로 353 프레미어스엠코 엔터식스 B동 2층,정,"서울특별시 중랑구 망우로 353, B동 (상봉동)",127.09082274558185,37.59810563040609,
서울시 용산구 이태원로 189,02-794-3361,서울특별시 용산구 이태원로 189,정,서울특별시 용산구 이태원로 189 (이태원동),126.9950356118626,37.53484207421984,
서울시 강남구 테헤란로1길 29 1층일부 및 2.3층,02-552-6311,서울특별시 강남구 테헤란로1길 29 1층일부 및 2.3층,정,서울특별시 강남구 테헤란로1길 29 (역삼동),127.02729181991376,37.50011508138292,
서울시 종로구 낙원동 272 오라카이스위츠 1층,02-6262-8100,서울특별시 종로구 낙원동 272 오라카이스위츠 1층,정,서울특별시 종로구 낙원동 272,126.98734270569072,37.57304685581588,
서울시 강남구 압구정로12길 6,02-544-7105,서울특별시 강남구 압구정로12길 6,대,서울특별시 강남구 압구정로,127.04442089686034,37.52648702362656,
경기도 성남시 분당구 동판교로177번길 25,031-8016-8131,경기도 성남시 분당구 동판교로177번길 25,정,경기도 성남시 분당구 동판교로177번길 25 (삼평동),127.11356829671982,37.39732111991319,
"서울시 강동구 천호대로 1096 1,2F",02-485-3361,"서울특별시 강동구 천호대로 1096 1,2F",유,서울특별시 강동구 천호대로 1096 (성내동),127.13324965237064,37.5352213929117,
서울시 강남구 압구정로29길65 지하1층,02-518-3350,서울특별시 강남구 압구정로29길65 지하1층,정,서울특별시 강남구 압구정로29길 65 (압구정동),127.02700144529864,37.53180776151517,
"서울시 중구 명동길 73 1,2층",02-777-3363,"서울특별시 중구 명동길 73 1,2층",유,서울특별시 중구 명동길 73 (명동1가),126.98623150082474,37.56438950991264,
서울시 관악구 신림로 318 청암두산위브센티움1층,02-877-1194,서울특별시 관악구 신림로 318 청암두산위브센티움1층,정,서울특별시 관악구 신림로 318 (신림동),126.93025839965064,37.48258406582431,
서울시 강남구 테헤란로 439,02-508-7522,서울특별시 강남구 테헤란로 439,정,서울특별시 강남구 테헤란로 439 (삼성동),127.0551877249714,37.50682751274023,
대구광역시 중구 중앙대로 412-18,053-428-3370,대구광역시 중구 중앙대로 412-18,정,대구광역시 중구 중앙대로 412-18 (사일동),128.5948527672037,35.86976414550809,
서울시 강남구 테헤란로143 고운빌딩1층,02-508-1137,서울특별시 강남구 테헤란로143 고운빌딩1층,정,서울특별시 강남구 테헤란로 143 (역삼동),127.0349072578858,37.50059283355217,
경기도 성남시 분당구 탄천상로151번길20 월드쇼핑 B동 1층,031-715-5638,경기도 성남시 분당구 탄천상로151번길20 월드쇼핑 B동 1층,정,경기도 성남시 분당구 탄천상로151번길 20 (구미동),127.10674262660406,37.34081526534143,
서울시 영등포구 의사당대로 97 교보증권빌딩 2층,02-785-8845,서울특별시 영등포구 의사당대로 97 교보증권빌딩 2층,정,서울특별시 영등포구 의사당대로 97 (여의도동),126.9245858785891,37.52251600312712,
서울시 강남구 봉은사로207 KJ타워1층,02-542-8813,서울특별시 강남구 봉은사로207 KJ타워1층,정,서울특별시 강남구 봉은사로 207 (논현동),127.03467005249816,37.50785110617888,
서울시 중구 명동10길 51 나인트리호텔 본관2층,02-771-9935,서울특별시 중구 명동10길 51 나인트리호텔 본관2층,정,서울특별시 중구 명동10길 51 (충무로2가),126.98602662208886,37.56161743415845,
서울시 양천구 오목로 299 트라팰리스 이스턴에비뉴 1층,02-2643-7725,서울특별시 양천구 오목로 299 트라팰리스 이스턴에비뉴 1층,정,서울특별시 양천구 오목로 299 (목동),126.87036039187514,37.526087102641554,
"인천광역시 부평구 시장로29 1,2층",032-507-9901,"인천광역시 부평구 시장로29 1,2층",유,인천광역시 부평구 시장로 29 (부평동),126.72561187972902,37.49366754848921,
서울시 영등포구 국회대로74길19 동우국제빌딩1층,02-782-3358,서울특별시 영등포구 국회대로74길19 동우국제빌딩1층,정,서울특별시 영등포구 국회대로74길 19 (여의도동),126.92196752861456,37.52980733919158,
서울시 금천구 디지털로9길 23 마리오-2관 패션타워3층,02-857-5501,서울특별시 금천구 디지털로9길 23 마리오-2관 패션타워3층,정,서울특별시 금천구 디지털로9길 23 (가산동),126.88650141861888,37.47872750955111,
서울시 구로구 디지털로300 지밸리비즈플라자 2층,02-6344-3966,서울특별시 구로구 디지털로300 지밸리비즈플라자 2층,정,서울특별시 구로구 디지털로 300 (구로동),126.89644393000172,37.48495462910808,
서울시 성동구 왕십리로241 서울숲더샵 판매시설201동 지하2층,02-6454-6216,서울특별시 성동구 왕십리로241 서울숲더샵 판매시설201동 지하2층,정,서울특별시 성동구 왕십리로 241 (행당동),127.04036404903204,37.55571654358376,
울산광역시 남구 삼산로 261 현대백화점5층,052-228-0560,울산광역시 남구 삼산로 261 현대백화점5층,정,울산광역시 남구 삼산로 261 (삼산동),129.3358061695618,35.53961126109252,
서울시 서초구 방배로178 유중아트센터1층,02-592-8861,서울특별시 서초구 방배로178 유중아트센터1층,정,서울특별시 서초구 방배로 178 (방배동),126.99283058630812,37.48955184276402,
서울시 송파구 올림픽로100 효창타워1층,02-417-8851,서울특별시 송파구 올림픽로100 효창타워1층,정,서울특별시 송파구 올림픽로 100 (잠실동),127.08168910320325,37.51141563278483,
서울시 서초구 서초대로73길12 세계빌딩1층,02-592-0053,서울특별시 서초구 서초대로73길12 세계빌딩1층,정,서울특별시 서초구 서초대로73길 12 (서초동),127.02573445134225,37.49856061907705,
서울시 종로구 새문안로5가길 7 1층 일부,02-723-3360,서울특별시 종로구 새문안로5가길 7 1층 일부,정,서울특별시 종로구 새문안로5가길 7 (내수동),126.97406661417024,37.57273403355782,
서울시 강남구 테헤란로87길22 도심공항터미널 지하1층,02-551-6456,서울특별시 강남구 테헤란로87길22 도심공항터미널 지하1층,정,서울특별시 강남구 테헤란로87길 22 (삼성동),127.0594435024982,37.509632057307705,
서울시 영등포구 영중로15 타임스퀘어 1층,02-2635-8830,서울특별시 영등포구 영중로15 타임스퀘어 1층,정,서울특별시 영등포구 영중로 15 (영등포동4가),126.90364413852514,37.51719606034781,
서울시 강남구 강남대로442 흥국화재빌딩 2층,02-565-3345,서울특별시 강남구 강남대로442 흥국화재빌딩 2층,정,서울특별시 강남구 강남대로 442 (역삼동),127.02606962987365,37.5020859290649,
경상북도 포항시 북구 삼호로265번길1 NB-City복합시설1층104호,054-241-3372,경상북도 포항시 북구 삼호로265번길1 NB-City복합시설1층104호,정,경상북도 포항시 북구 삼호로265번길 1 (두호동),129.37968103156695,36.06154818125595,
서울시 영등포구 국제금융로8길6 신영증권별관빌딩2층,02-782-1125,서울특별시 영등포구 국제금융로8길6 신영증권별관빌딩2층,정,서울특별시 영등포구 국제금융로8길 6 (여의도동),126.92969743657156,37.52180856150592,
서울시 용산구 이태원로220(한남동) 1층,02-792-3560,서울특별시 용산구 이태원로220(한남동) 1층,정,서울특별시 용산구 이태원로 220 (한남동),126.99848096264463,37.53481529818851,
"서울시 중구 남대문로10길 6 1,2층",02-752-3348,"서울특별시 중구 남대문로10길 6 1,2층",유,서울특별시 중구 남대문로10길 6 (수하동),126.98325409268196,37.56689439153533,
경기도 고양시 일산서구 한류월드로 300 원마운트스포츠몰 1층,031-961-6520,경기도 고양시 일산서구 한류월드로 300 원마운트스포츠몰 1층,정,경기도 고양시 일산서구 한류월드로 300 (대화동),126.75452297271283,37.66454489028992,
"경기도 수원시 영통구 이의동 1332 광교아브뉴프랑 1층 A122,123호",031-216-9308,"경기도 수원시 영통구 이의동 1332 광교아브뉴프랑 1층 A122,123호",정,경기도 수원시 영통구 이의동 1332,127.05052669849672,37.29066088461458,
경기 김포시 고촌읍 전호리 654번지 현대프리미엄아울렛김포3층 618호,031-8048-2618,경기도 김포시 고촌읍 전호리 654번지 현대프리미엄아울렛김포3층 618호,정,경기도 김포시 고촌읍 전호리 654,126.78556930492172,37.59938322340649,
경상북도 경주시 엑스포로80(천군동)1층,054-777-5982,경상북도 경주시 엑스포로80(천군동)1층,정,경상북도 경주시 엑스포로 80 (천군동),129.28986858939027,35.83455886917631,
서울시 광진구 아차산로563(광장동) 대한제지빌딩 로비층,02-458-8166,서울특별시 광진구 아차산로563(광장동) 대한제지빌딩 로비층,정,서울특별시 광진구 아차산로 563 (광장동),127.10291231209276,37.54410507914015,
경상남도 진주시 충의로 19 LH진주사옥 홍보관1층,055-763-3520,경상남도 진주시 충의로 19 LH진주사옥 홍보관1층,정,경상남도 진주시 충의로 19 (충무공동),128.1457689019285,35.17816977490181,
인천광역시 중구 공항로272 인천국제공항탑승동3층 FB-C5-68,032-743-7223,인천광역시 중구 공항로272 인천국제공항탑승동3층 FB-C5-68,정,인천광역시 중구 공항로 272 (운서동),126.45200471725194,37.44978411824439,
서울시 용산구 한강대로23길55 현대아이파크몰용산 서관6층,02-2012-0631,서울특별시 용산구 한강대로23길55 현대아이파크몰용산 서관6층,정,서울특별시 용산구 한강대로23길 55 (한강로3가),126.964852226633,37.529831633604346,
서울시 중구 세종대로84 2층,02-754-8852,서울특별시 중구 세종대로84 2층,정,서울특별시 중구 세종대로 84 (태평로2가),126.97717907412978,37.5636568105584,
서울시 송파구 석촌호수로 222 제이타워 1층,02-415-1235,서울특별시 송파구 석촌호수로 222 제이타워 1층,정,서울특별시 송파구 석촌호수로 222 (석촌동),127.1015608169912,37.50704802917792,
인천광역시 중구 공항로272 인천국제공항탑승동3층 FB-C5-57,032-743-7213,인천광역시 중구 공항로272 인천국제공항탑승동3층 FB-C5-57,정,인천광역시 중구 공항로 272 (운서동),126.45200471725194,37.44978411824439,
서울시 중구 명동8길 27(명동2가),02-752-0888,서울특별시 중구 명동8길 27(명동2가),정,서울특별시 중구 명동8길 27 (명동2가),126.98512599946255,37.5625774810635,
"서울시 양천구 오목로 350 목동썬텍씨티빌딩 1층,2층",02-2653-8577,"서울특별시 양천구 오목로 350 목동썬텍씨티빌딩 1층,2층",정,서울특별시 양천구 오목로 350 (목동),126.87624815160817,37.52414187411828,
서울시 강동구 강동대로193 1층,02-471-2372,서울특별시 강동구 강동대로193 1층,정,서울특별시 강동구 강동대로 193 (성내동),127.1280149384601,37.52456630199367,
경기도 안양시 동안구 평촌대로 223번길 41(호계동 1045-9) 2층,031-476-9082,경기도 안양시 동안구 평촌대로 223번길 41(호계동 1045-9) 2층,정,경기도 안양시 동안구 평촌대로223번길 41 (호계동),126.95350912336558,37.39050612659536,
경기도 성남시 분당구 판교역로145(백현동) 판교알파돔 C2-3블럭 1층,031-8017-8556,경기도 성남시 분당구 판교역로145(백현동) 판교알파돔 C2-3블럭 1층,정,"경기도 성남시 분당구 판교역로 145, 2동 (백현동)",127.10918569222284,37.39406185534922,
서울시 강남구 테헤란로521 파르나스몰 지하1층,02-538-2008,서울특별시 강남구 테헤란로521 파르나스몰 지하1층,정,서울특별시 강남구 테헤란로 521 (삼성동),127.06062880636144,37.50917454343461,
서울시 강남구 영동대로85길 9 (대치동) 서전빌딩1층,02-552-3363,서울특별시 강남구 영동대로85길 9 (대치동) 서전빌딩1층,정,서울특별시 강남구 영동대로85길 9 (대치동),127.06288548436736,37.50710321031085,
서울특별시 강남구 삼성로86길 11 거봉빌딩 1층,02-569-7501,서울특별시 강남구 삼성로86길 11 거봉빌딩 1층,정,서울특별시 강남구 삼성로86길 11 (대치동),127.05830459832148,37.50589610905632,
"서울특별시 서초구 반포대로4(서초동) 2층, 3층",02-583-8856,"서울특별시 서초구 반포대로4(서초동) 2층, 3층",정,서울특별시 서초구 반포대로 4 (서초동),127.013185308336,37.48121594508528,
서울특별시 강남구 영동대로 225 나무병원1층 (대치동994-5),02-562-9605,서울특별시 강남구 영동대로 225 나무병원1층 (대치동994-5),정,서울특별시 강남구 영동대로 225 (대치동),127.0675784325233,37.49920586633263,
서울특별시 강남구 봉은사로108 글라스톤빌딩1층,02-569-9061,서울특별시 강남구 봉은사로108 글라스톤빌딩1층,정,서울특별시 강남구 봉은사로 108 (역삼동),127.02559387851292,37.50453484672572,
서울시 마포구 성암로301 KLID한국지역정보개발원 1층,02-376-9162,서울특별시 마포구 성암로301 KLID한국지역정보개발원 1층,정,서울특별시 마포구 성암로 301 (상암동),126.88793412219556,37.58242994994013,
"서울시 성북구 인촌로24길 25 (안암동5가) 2층,3층",02-923-7735,"서울특별시 성북구 인촌로24길 25 (안암동5가) 2층,3층",대,서울특별시 성북구,127.0280534517771,37.607099130775744,
"서울시 관악구 남부순환로1909 1,2층",02-875-3364,"서울특별시 관악구 남부순환로1909 1,2층",유,서울특별시 관악구 남부순환로 1909-2 (봉천동),126.96171783588936,37.47796579589352,
"서울시 서대문구 대신동 50-5 1층,2층(B동)",02-362-8301,"서울특별시 서대문구 대신동 50-5 1층,2층(B동)",정,서울특별시 서대문구 대신동 50-5,126.94326702172846,37.56310740173134,
"경기도 안양시 동안구 시민대로327번길 6, W 에이스타워 1층",031-426-9065,"경기도 안양시 동안구 시민대로327번길 6, W 에이스타워 1층",정,경기도 안양시 동안구 시민대로327번길 6 (관양동),126.96700954338094,37.39672405467998,
경기도 부천시 부천로4 2층,032-668-7890,경기도 부천시 부천로4 2층,정,경기도 부천시 원미구 부천로 4 (심곡동),126.7834936009508,37.48447917235109,
서울시 마포구 상암동 1610번지 DDMC 지하 1층,02-375-0994,서울특별시 마포구 상암동 1610번지 DDMC 지하 1층,정,서울특별시 마포구 상암동 1610,126.89292339927556,37.5783443785484,
"서울시 동대문구 장안동 372-1, 1층 일부 및 2층 전체",02-2249-9826,"서울특별시 동대문구 장안동 372-1, 1층 일부 및 2층 전체",정,서울특별시 동대문구 장안동 372-1,127.07050110208024,37.5709505382827,
서울시 영등포구 문래동6가 5번지 1층,02-2069-3157,서울특별시 영등포구 문래동6가 5번지 1층,정,서울특별시 영등포구 문래동6가 5,126.8890531802672,37.51964439938387,
서울시 강서구 화곡6동 1095번지 1층,02-2699-7462,서울특별시 강서구 화곡6동 1095번지 1층,정,서울특별시 강서구 화곡동 1095,126.85128745192372,37.55489383230685,
인천광역시 연수구 송도국제대로 165(송도동) 홈플러스송도점1층,032-822-5905,인천광역시 연수구 송도국제대로 165(송도동) 홈플러스송도점1층,정,인천광역시 연수구 송도국제대로 165 (송도동),126.65634560627484,37.380231862234126,
경기도 수원시 영통구 영통로 214번길 8 1층,031-273-8751,경기도 수원시 영통구 영통로 214번길 8 1층,정,경기도 수원시 영통구 영통로214번길 8 (영통동),127.05757261737683,37.246225116338046,
경기도 고양시 일산동구 중앙로 1193 마두법조빌딩 1층,031-932-7018,경기도 고양시 일산동구 중앙로 1193 마두법조빌딩 1층,정,경기도 고양시 일산동구 중앙로 1193 (장항동),126.77662830647564,37.6530954465881,
"경기도 수원시 팔달구 매산로 11,  2층",031-248-9593,"경기도 수원시 팔달구 매산로 11, 2층",정,경기도 수원시 팔달구 매산로 11 (매산로1가),127.00273076384153,37.26745199882974,
경기도 파주시 청암로 17번길 17 1층,031-949-1408,경기도 파주시 청암로 17번길 17 1층,정,경기도 파주시 청암로17번길 17 (목동동),126.736804636531,37.72949995119324,
부산시 해운대구 해운대 해변로277 다옴빌딩1층,051-746-8214,부산광역시 해운대구 해운대 해변로277 다옴빌딩1층,정,부산광역시 해운대구 해운대해변로 277 (중동),129.161555800114,35.159873728295054,
서울시 서초구 동산로 1  1층,02-2058-0921,서울특별시 서초구 동산로 1 1층,정,서울특별시 서초구 동산로 1 (양재동),127.0401486148909,37.46898667660576,
서울시 서초구 신반포로47길 5 건물전체 1~3층,02-541-7404,서울특별시 서초구 신반포로47길 5 건물전체 1~3층,정,서울특별시 서초구 신반포로47길 5 (잠원동),127.01945183617568,37.510961276370914,
서울시 강남구 삼성로 352 창진빌딩 1층 및 2층,02-569-9751,서울특별시 강남구 삼성로 352 창진빌딩 1층 및 2층,정,서울특별시 강남구 삼성로 352 (대치동),127.05901773992385,37.50303422062173,
경기도 부천시 길주로 111 센타플라자 1층,032-329-9471,경기도 부천시 길주로 111 센타플라자 1층,정,경기도 부천시 원미구 길주로 111 (상동),126.75488510984782,37.506323161737896,
서울시 강남구 역삼동 718-20  태광타워 1층,02-569-9867,서울특별시 강남구 역삼동 718-20 태광타워 1층,정,서울특별시 강남구 역삼동 718-20,127.03991504557956,37.501016520904265,
경기도 군포시 광정로58 1층 104호 및 2층,031-399-8812,경기도 군포시 광정로58 1층 104호 및 2층,정,경기도 군포시 광정로 58 (산본동),126.930980780165,37.35850860915476,
경기도 용인시 기흥구 강남로 3 강남앤플러스 1층,031-693-6312,경기도 용인시 기흥구 강남로 3 강남앤플러스 1층,정,경기도 용인시 기흥구 강남로 3 (구갈동),127.12600669091417,37.27110464911672,
경기도 성남시 분당구 정자일로 227(정자동) 백궁지엔느주차전용빌딩 1층,031-786-1906,경기도 성남시 분당구 정자일로 227(정자동) 백궁지엔느주차전용빌딩 1층,정,경기도 성남시 분당구 정자일로 227 (정자동),127.10560114667705,37.3707199697492,
경기 용인시 수지구 손곡로 95 송란빌딩 1층,031-896-9044,경기도 용인시 수지구 손곡로 95 송란빌딩 1층,정,경기도 용인시 수지구 손곡로 95 (동천동),127.09181520347391,37.33596614403216,
경기도 안양시 만안구 안양로304번길 12 세진빌딩 2층,031-468-9096,경기도 안양시 만안구 안양로304번길 12 세진빌딩 2층,정,경기도 안양시 만안구 안양로304번길 12 (안양동),126.921891523746,37.39956479736584,
서울특별시 강동구 동남로 885 양지빌딩 1층,02-481-9938,서울특별시 강동구 동남로 885 양지빌딩 1층,정,서울특별시 강동구 동남로 885 (명일동),127.15597440956816,37.55262974475296,
서울특별시 강남구 테헤란로 111 2층,02-569-5838,서울특별시 강남구 테헤란로 111 2층,정,서울특별시 강남구 테헤란로 111 (역삼동),127.02926031840728,37.498914253253496,
서울시 마포구 양화로18안길 7 2층,02-338-9463,서울특별시 마포구 양화로18안길 7 2층,정,서울특별시 마포구 양화로18안길 7 (동교동),126.9251071149275,37.55683888591199,
경기도 고양시 덕양구 화신로260번길 26 동민프라자 1층 103~107호,031-979-9402,경기도 고양시 덕양구 화신로260번길 26 동민프라자 1층 103~107호,정,경기도 고양시 덕양구 화신로260번길 26 (화정동),126.83299184246974,37.6317164963432,
서울특별시 중랑구 망우로 291 1층,02-493-8902,서울특별시 중랑구 망우로 291 1층,정,서울특별시 중랑구 망우로 291 (상봉동),127.08479272000685,37.59644923161593,
서울특별시 송파구 송파대로 111 송파파크하비오 205동 1층 110-113,02-449-6881,서울특별시 송파구 송파대로 111 송파파크하비오 205동 1층 110-113,정,"서울특별시 송파구 송파대로 111, 205동 (문정동)",127.12268936148882,37.48149008623631,
강원도 원주시 봉화로1 AK플라자원주점 1층,033-748-0631,강원도 원주시 봉화로1 AK플라자원주점 1층,정,강원특별자치도 원주시 봉화로 1 (단계동),127.92764704207175,37.34575493771298,
서울시 서초구 서초대로 250 스타갤러리 브릿지 1층 101호,02-598-7741,서울특별시 서초구 서초대로 250 스타갤러리 브릿지 1층 101호,정,서울특별시 서초구 서초대로 250 (서초동),127.00917009274352,37.491982687453806,
"서울시 송파구 방이동 44-2, 장은빌딩 1층",02-2141-0407,"서울특별시 송파구 방이동 44-2, 장은빌딩 1층",정,서울특별시 송파구 방이동 44-2,127.11274929472069,37.516900370252166,
"서울시 노원구 노해로 490, 길빌딩 2층",02-952-9577,"서울특별시 노원구 노해로 490, 길빌딩 2층",정,서울특별시 노원구 노해로 490 (상계동),127.06241093320124,37.65440939012043,
"서울특별시 송파구 송파대로 111, 송파 파크하비오 하비오길 극장로 203동 지하1층",02-449-6797,"서울특별시 송파구 송파대로 111, 송파 파크하비오 하비오길 극장로 203동 지하1층",정,"서울특별시 송파구 송파대로 111, 203동 (문정동)",127.12405809736566,37.48159456325151,
서울 송파구 문정동 643-1번지 엠스테이트 B동 지하1층,02-6177-9080,서울특별시 송파구 문정동 643-1번지 엠스테이트 B동 지하1층,정,서울특별시 송파구 문정동 643-1 B동,127.12087501137718,37.485394790168165,
서울특별시 영등포구 국제금융로8길31 여의도SK증권빌딩점 1층,02-6484-5150,서울특별시 영등포구 국제금융로8길31 여의도SK증권빌딩점 1층,정,서울특별시 영등포구 국제금융로8길 31 (여의도동),126.92806651440443,37.51974619599311,
서울특별시 광진구 구의강변로 106 삼성쉐르빌 1층,02-2201-8953,서울특별시 광진구 구의강변로 106 삼성쉐르빌 1층,정,서울특별시 광진구 구의강변로 106 (구의동),127.09487642513164,37.539876255238646,
"서울특별시 강북구 한천로 139길 25, 1층 일부 및 2층 (수유동 191-70)",02-994-8878,"서울특별시 강북구 한천로 139길 25, 1층 일부 및 2층 (수유동 191-70)",정,서울특별시 강북구 한천로139길 25 (수유동),127.02574001595846,37.639097239904295,
"서울시 마포구 독막로 13, 2층",02-338-9178,"서울특별시 마포구 독막로 13, 2층",정,서울특별시 마포구 독막로 13 (합정동),126.9150557849111,37.54881169556199,
"경기도 평택시 평남로 862, 로이드빌딩 1층",031-692-2405,"경기도 평택시 평남로 862, 로이드빌딩 1층",정,경기도 평택시 평남로 862 (비전동),127.11146751340875,37.00048814131193,
서울시 강동구 올림픽로 659 쌍용플래티넘리버 1층,02-488-5912,서울특별시 강동구 올림픽로 659 쌍용플래티넘리버 1층,정,서울특별시 강동구 올림픽로 659 (천호동),127.1235524275046,37.54033385992446,
서울특별시 종로구 대학로 128 2층,02-766-7937,서울특별시 종로구 대학로 128 2층,정,서울특별시 종로구 대학로 128 (동숭동),127.00215451487344,37.5827226807143,
서울특별시 송파구 충민로 66 가든파이브 라이프동 테크노관 1층,02-2673-2110,서울특별시 송파구 충민로 66 가든파이브 라이프동 테크노관 1층,정,서울특별시 송파구 충민로 66 (문정동),127.12511773737528,37.477716912575005,
서울시 종로구 종로 70 2층,02-739-6268,서울특별시 종로구 종로 70 2층,정,서울특별시 종로구 종로 70 (관철동),126.9851723767851,37.56984435423314,
"인천 연수구 송도과학로 16번길 33-4 D동 119호,207호",032-310-9644,"인천광역시 연수구 송도과학로 16번길 33-4 D동 119호,207호",정,인천광역시 연수구 송도과학로16번길 33-4 (송도동),126.66279789852628,37.37868681577085,
서울특별시 강남구 도곡로 408 디마크빌딩 1층,02-2052-6590,서울특별시 강남구 도곡로 408 디마크빌딩 1층,정,서울특별시 강남구 도곡로 408 (대치동),127.05522810465963,37.49660542922155,
"서울특별시 마포구 월드컵로 3길 14, 푸르지오 2차 1층",02-338-7684,"서울특별시 마포구 월드컵로 3길 14, 푸르지오 2차 1층",정,서울특별시 마포구 월드컵로3길 14 (합정동),126.91154382935716,37.55105011645092,
"부산광역시 기장군 정관로 563 1층,2층",051-728-7435,"부산광역시 기장군 정관로 563 1층,2층",정,부산광역시 기장군 정관로 563 (정관읍),129.1756350192211,35.321917110093125,
서울시 송파구 위례광장로 230 위례2차 아이파크 B동 1층,02-449-9703,서울특별시 송파구 위례광장로 230 위례2차 아이파크 B동 1층,정,서울특별시 송파구 위례광장로 230 (장지동),127.14330950223444,37.47970177597389,
부산광역시 수영구 수영로 667 1층,051-759-9046,부산광역시 수영구 수영로 667 1층,정,부산광역시 수영구 수영로 667 (광안동),129.11447552980144,35.16533437793061,
서울특별시 서초구 서초대로 397 부띠크모나코 1층,02-537-4662,서울특별시 서초구 서초대로 397 부띠크모나코 1층,정,서울특별시 서초구 서초대로 397 (서초동),127.02451720967026,37.49746950137688,
서울시 서초구 강남대로 475 2층,02-541-9650,서울특별시 서초구 강남대로 475 2층,정,서울특별시 서초구 강남대로 475 (반포동),127.0238966225019,37.50475023720367,
"서울특별시 강남구  강남대로112길 20 1층, 2층",02-541-9563,"서울특별시 강남구 강남대로112길 20 1층, 2층",정,서울특별시 강남구 강남대로112길 20 (논현동),127.02605330313796,37.50551359620505,
서울특별시 마포구 양화로 196(동교동),02-336-9198,서울특별시 마포구 양화로 196(동교동),정,서울특별시 마포구 양화로 196 (동교동),126.92651797903436,37.55838925285021,
"서울시 은평구 은평로 121(응암동), 메디컬빌딩",02-389-6283,"서울특별시 은평구 은평로 121(응암동), 메디컬빌딩",정,서울특별시 은평구 은평로 121 (응암동),126.92109614926363,37.60044937388049,
서울 송파구 방이동 206-11,02-420-0386,서울특별시 송파구 방이동 206-11,정,서울특별시 송파구 방이동 206-11,127.1257905618826,37.50935189758929,
"경기도 수원시 권선구 수인로 291(구운동), 이마트 서수원점 1층",031-278-6593,"경기도 수원시 권선구 수인로 291(구운동), 이마트 서수원점 1층",정,경기도 수원시 권선구 수인로 291 (구운동),126.97027512005144,37.28267020593646,
경기도 수원시 장안구 경수대로 989,031-248-6086,경기도 수원시 장안구 경수대로 989,정,경기도 수원시 장안구 경수대로 989 (송죽동),127.0029235042942,37.305085899845714,
"서울특별시 강남구 도곡동 543-1, 지오빌딩 B1층",02-2058-3027,"서울특별시 강남구 도곡동 543-1, 지오빌딩 B1층",정,서울특별시 강남구 도곡동 543-1,127.04167507389889,37.492238892992695,
서울시 영등포구 국제금융로10 IFC Mall L2(2층),02-6137-5056,서울특별시 영등포구 국제금융로10 IFC Mall L2(2층),정,서울특별시 영등포구 국제금융로 10 (여의도동),126.92593688056672,37.52505839670233,
"경기 수원시 장안구 서부로 2066, 성균관대 자연과학 캠퍼스 N센터 1층",031-278-7640,"경기도 수원시 장안구 서부로 2066, 성균관대 자연과학 캠퍼스 N센터 1층",정,경기도 수원시 장안구 서부로 2066 (천천동),126.97223669136864,37.29332441469139,
"경기도 화성시 능동 453-4,453-8,454-1 소재 건물(1~3층)",031-267-4182,"경기도 화성시 능동 453-4,453-8,454-1 소재 건물(1~3층)",정,경기도 화성시 능동 453-4,127.0563633294337,37.21100337809728,
서울특별시 강서구 마곡동로 55 마커스빌딩 1층,02-6905-3030,서울특별시 강서구 마곡동로 55 마커스빌딩 1층,정,서울특별시 강서구 마곡동로 55 (마곡동),126.83304850128492,37.56000466041116,
경기도 성남시 수정구 수정로 190 (신흥동),031-759-6675,경기도 성남시 수정구 수정로 190 (신흥동),정,경기도 성남시 수정구 수정로 190 (신흥동),127.14097881809036,37.44342226277843,
"부산광역시 부산진구 서전로 12, 1층",051-819-8708,"부산광역시 부산진구 서전로 12, 1층",정,부산광역시 부산진구 서전로 12 (부전동),129.0608681547836,35.157518715474815,
서울특별시 강남구 선릉로 433 세방빌딩 1층,02-2051-9328,서울특별시 강남구 선릉로 433 세방빌딩 1층,정,서울특별시 강남구 선릉로 433 (역삼동),127.0489014581645,37.50376716402632,
경기도 성남시 분당구 야탑로64 DS타워 1층,031-8017-8243,경기도 성남시 분당구 야탑로64 DS타워 1층,정,경기도 성남시 분당구 야탑로 64 (야탑동),127.12597178457683,37.40948488362311,
경기도 수원시 팔달구 인계로79 (인계동),031-898-8818,경기도 수원시 팔달구 인계로79 (인계동),정,경기도 수원시 팔달구 인계로 79 (인계동),127.02647980827254,37.26887371561551,
인천광역시 중구 운서동 2868 인천공항 제2터미널 1층 연번(23-124),032-743-2894,인천광역시 중구 운서동 2868 인천공항 제2터미널 1층 연번(23-124),정,인천광역시 중구 운서동 2868,126.43378797155036,37.46863285219208,
서울특별시 성북구 삼선교로 12 1층,02-766-7951,서울특별시 성북구 삼선교로 12 1층,정,서울특별시 성북구 삼선교로 12 (삼선동1가),127.00714092368104,37.58758346670011,
서울특별시 강서구 강서로 457(마곡동),02-3665-9506,서울특별시 강서구 강서로 457(마곡동),정,서울특별시 강서구 강서로 457 (마곡동),126.840415381012,37.56623866463829,
서울시 용산구 한강대로95,02-2074-1049,서울특별시 용산구 한강대로95,정,서울특별시 용산구 한강대로 95 (한강로2가),126.96726299675927,37.52948264937955,
,,,,,,,서울특별시 강남구 학동로 211 1층
,,,,,,,서울특별시 강남구 삼성동 159 코엑스몰 지하2층
,,,,,,,서울특별시 서초구 서초 1306-3호
,,,,,,,서울특별시 강남구 광평로 280 수서동 724호
,,,,,,,서울특별시 강남구 논현로 566 강남차병원1층
,,,,,,,서울특별시 서초구 강남대로 369 1층
,,,,,,,"서울특별시 강남구 압구정로 461 네이처포엠빌딩B108,109호"
,,,,,,,서울특별시 강남구 압구정로 46길 3
,,,,,,,서울특별시 강남구 도산대로 126
,,,,,,,서울특별시 강남구 논현로 842 압구정빌딩1층
,,,,,,,"서울특별시 강남구 논현로 512 지상1,2층"
,,,,,,,"서울특별시 강남구 언주로 30길 10,112 현대비젼21 112호"
,,,,,,,서울특별시 강남구 테헤란로 87길 17 1층
,,,,,,,서울특별시 서초구 강남대로 213 24호 지하1층
,,,,,,,서울특별시 서초구 반포동 736-17 P빌딩 2층
,,,,,,,서울특별시 강남구 삼성로 716 LEE76빌딩2층
,,,,,,,"서울특별시 강남구 선릉로 749 1,2층"
,,,,,,,서울특별시 강남구 선릉로 157길 12 석전빌딩 1~4층
,,,,,,,서울특별시 서초구 서초중앙로 118 1층
,,,,,,,"서울특별시 강남구 도산대로49길 13 1층 17,18호"
,,,,,,,서울특별시 강남구 선릉로 64길 23 1층
,,,,,,,서울특별시 강남구 영동대로 511 트레이드타워 지하1층
,,,,,,,서울특별시 강남구 삼성로 85길 11 롯데캐슬아파트생활편익시설동
,,,,,,,서울특별시 강남구 논현 231-13호 팍스타워지하1층
,,,,,,,서울특별시 강남구 영동대로 513 컨벤션별관A동 지하 2층
,,,,,,,"서울특별시 강남구 영동대로 607 12번지 1,2층"
,,,,,,,서울특별시 서초구 강남대로 51길 1 511 TOWER 1층
,,,,,,,서울특별시 강남구 논현로 717 1층
,,,,,,,"서울특별시 서초구 서초동 1685-8호 101~2호,113~4호,121호"
,,,,,,,서울특별시 서초구 신반포로 23 1141호 엘루체백화점내1층1013~1015호
,,,,,,,서울특별시 강남구 테헤란로 20길 10 쓰리엠타워1층
,,,,,,,서울특별시 송파구 석촌호수로 118 1층
,,,,,,,"서울특별시 서초구 효령로 117 3,4층"
,,,,,,,서울특별시 서초구 서초대로74길 4 삼성생명보험서초타워내지하1층
,,,,,,,서울특별시 서초구 방배중앙로 187
,,,,,,,서울특별시 강남구 테헤란로 70길 12 1층
,,,,,,,서울특별시 강남구 논현로 38길 42 418호
,,,,,,,서울특별시 서초구 서초대로74길 11 지하2층
,,,,,,,서울특별시 강남구 봉은사로 628 엘슨빌딩1층
,,,,,,,서울특별시 서초구 서초중앙로 43 로얄타워1층
,,,,,,,서울특별시 용산구 이촌로 303 현대아파트상가11동102호
,,,,,,,서울특별시 송파구 오금로 11길 7
,,,,,,,서울특별시 중구 순화202 1-94 프레이저플레이스레지던스1층
,,,,,,,서울특별시 종로구 서린동 136 센트리얼빌딩 1층
,,,,,,,서울특별시 종로구 대학로 10길 5 1-60호
,,,,,,,"서울특별시 강남구 도산대로 67길 7,파크빌딩 1층"
,,,,,,,서울특별시 강남구 테헤란로87길 36 공항타워 1층
,,,,,,,서울특별시 강남구 테헤란로4길 28 826-28호 1층
,,,,,,,서울특별시 서대문구 창천 18-26호 B1
,,,,,,,"서울특별시 종로구 청계천로 83 11-4호 지하1,지상1~3층"
,,,,,,,서울특별시 종로구 새문안로3길 23 경희궁아침상가4단지105외
,,,,,,,서울특별시 성북구 개운사길8 101-3 1층
,,,,,,,서울특별시 마포구 홍익로 6길 26
,,,,,,,서울특별시 중구 칠패로 27 151호
,,,,,,,서울특별시 성동구 왕십리 광장로 17 왕십리민자역사ENTER6내1층
,,,,,,,서울특별시 광진구 광나루로56길 85 테크노마트9층35호
,,,,,,,부산광역시 중구 창선동 2가 8-2
,,,,,,,서울특별시 동대문구 이문로 106 1~3층
,,,,,,,서울특별시 광진구 자양동 227-342호 롯데백화점 옆 더클래식500건물 1층
,,,,,,,서울특별시 중구 남대문로7길 16 한컴빌딩 1층
,,,,,,,서울특별시 양천구 목동동로 293 현대41타워1층
,,,,,,,서울특별시 종로구 새문안로 9길 25 1층
,,,,,,,"서울특별시 서대문구 신촌역로 20 27-27,16,65,61호"
,,,,,,,서울특별시 노원구 한글비석로 263 1층
,,,,,,,서울특별시 영등포구 의사당대로 97 26-4 교보증권빌딩1층
,,,,,,,경기도 고양시 일산서구 대화동 2602 현대백화점킨텍스점 5F
,,,,,,,서울특별시 중구 한강대로 416 지하1층
,,,,,,,서울특별시 영등포구 국제금융로 52 심팩빌딩 1층
,,,,,,,"인천광역시 남동구 예술로 138 지상1,2층"
,,,,,,,"서울특별시 종로구 사직로 130,1 현대적선빌딩1층"
,,,,,,,경기도 고양시 일산동구 장항동 764 라페스타C동
,,,,,,,경기도 성남시 분당구 야탑동354 분당차병원신관1층분당차1호
,,,,,,,서울특별시 금천구 시흥대로 201 1층
,,,,,,,경남북도 창원시 성산구 중앙대로 104 마이우스오피스텔 123호 207호
,,,,,,,"서울특별시 종로구 대학로 12길 62 지하1층,지상1,2층"
,,,,,,,서울특별시 영등포구 여의서로 43 한서리버파크2층
,,,,,,,"경기도 성남시 분당구 분당로53번길 11 1층2,3호"
,,,,,,,세종특별자치시 세종로 2511 고대세종캠퍼스호연학사4관1층
,,,,,,,"서울특별시 중구 태평로1 84호 SFC빌딩B1,1-4"
,,,,,,,경기도 성남시 분당구 황새울로 326 서현빌딩상가내2층
,,,,,,,경기도 고양시 일산동구 정발산로 24 I동103~203호
,,,,,,,서울특별시 중구 퇴계로 173 남산스퀘어 1층
,,,,,,,경기도 성남시 분당구 황새울로 214번길8 MSPlaza내1층
,,,,,,,서울특별시 중구 세종대로 136 파이낸스빌딩
,,,,,,,서울특별시 강남구 테헤란로 312 707-2번지1층
,,,,,,,서울특별시 영등포구 의사당대로 108 아일렉스상가 1층 101호
,,,,,,,경기도 화성시 노작로 199 동탄라마다호텔107호~111호
,,,,,,,서울특별시 강남구 논현로 167길 9 낙산프라자 1층
,,,,,,,서울특별시 강남구 테헤란로 8길 42 1층
,,,,,,,서울특별시 중구 후암로110 581호 서울시티타워1층
,,,,,,,대전광역시 서구 문정로76 1층
,,,,,,,서울특별시 강남구 봉은사로 524 코엑스 인터컨티넨탈아케이드
,,,,,,,서울특별시 영등포구 국제금융로10 IFC B2층
,,,,,,,서울특별시 강남구 선릉로93길 6(역삼동) 1층
,,,,,,,서울특별시 송파구 양재대로 1222 올림픽선수A 1층212~3호
,,,,,,,서울특별시 강남구 선릉로86길 11
,,,,,,,서울특별시 영등포구 국제금융로 20 1층
,,,,,,,"충청북도 청주시 흥덕구 대농로 17 지웰시티몰 1층 124-1,125,126호"
,,,,,,,서울특별시 강북구 도봉로 352 효성네오인텔리안 101호
,,,,,,,서울특별시 구로구 경인로 662 디큐브시티 4층
,,,,,,,"서울특별시 강남구 삼성로 551 1층,2층"
,,,,,,,서울특별시 강남구 테헤란로 419 삼성금융플라자1층
,,,,,,,서울특별시 종로구 삼청로 109
,,,,,,,"서울특별시 서초구 강남대로 267 2,3층"
,,,,,,,서울특별시 마포구 상암산로 82 SBS프리즘타워 1층
,,,,,,,"서울특별시 관악구 관악로 161 층일부 2,3층"
,,,,,,,서울특별시 서초구 사임당로 171(서초동) EWR빌딩 2층
,,,,,,,경기도 수원시 팔달구 권광로 195 학산빌딩1층
,,,,,,,"서울특별시 종로구 율곡로 47 1,2층"
,,,,,,,충청북도 청주시 상당구 상당로69번길20 2~4층
,,,,,,,"서울특별시 서초구 강남대로 449-3 알고코리아빌딩 1,2층"
,,,,,,,서울특별시 중랑구 망우로 353 프레미어스엠코 엔터식스 B동 2층
,,,,,,,서울특별시 용산구 이태원로 189
,,,,,,,서울특별시 강남구 테헤란로1길 29 1층일부 및 2.3층
,,,,,,,서울특별시 종로구 낙원동 272 오라카이스위츠 1층
,,,,,,,서울특별시 강남구 압구정로12길 6
,,,,,,,경기도 성남시 분당구 동판교로177번길 25
,,,,,,,"서울특별시 강동구 천호대로 1096 1,2F"
,,,,,,,서울특별시 강남구 압구정로29길65 지하1층
,,,,,,,"서울특별시 중구 명동길 73 1,2층"
,,,,,,,서울특별시 관악구 신림로 318 청암두산위브센티움1층
,,,,,,,서울특별시 강남구 테헤란로 439
,,,,,,,대구광역시 중구 중앙대로 412-18
,,,,,,,서울특별시 강남구 테헤란로143 고운빌딩1층
,,,,,,,경기도 성남시 분당구 탄천상로151번길20 월드쇼핑 B동 1층
,,,,,,,서울특별시 영등포구 의사당대로 97 교보증권빌딩 2층
,,,,,,,서울특별시 강남구 봉은사로207 KJ타워1층
,,,,,,,서울특별시 중구 명동10길 51 나인트리호텔 본관2층
,,,,,,,서울특별시 양천구 오목로 299 트라팰리스 이스턴에비뉴 1층
,,,,,,,"인천광역시 부평구 시장로29 1,2층"
,,,,,,,서울특별시 영등포구 국회대로74길19 동우국제빌딩1층
,,,,,,,서울특별시 금천구 디지털로9길 23 마리오-2관 패션타워3층
,,,,,,,서울특별시 구로구 디지털로300 지밸리비즈플라자 2층
,,,,,,,서울특별시 성동구 왕십리로241 서울숲더샵 판매시설201동 지하2층
,,,,,,,울산광역시 남구 삼산로 261 현대백화점5층
,,,,,,,서울특별시 서초구 방배로178 유중아트센터1층
,,,,,,,서울특별시 송파구 올림픽로100 효창타워1층
,,,,,,,서울특별시 서초구 서초대로73길12 세계빌딩1층
,,,,,,,서울특별시 종로구 새문안로5가길 7 1층 일부
,,,,,,,서울특별시 강남구 테헤란로87길22 도심공항터미널 지하1층
,,,,,,,서울특별시 영등포구 영중로15 타임스퀘어 1층
,,,,,,,서울특별시 강남구 강남대로442 흥국화재빌딩 2층
,,,,,,,경상북도 포항시 북구 삼호로265번길1 NB-City복합시설1층104호
,,,,,,,서울특별시 영등포구 국제금융로8길6 신영증권별관빌딩2층
,,,,,,,서울특별시 용산구 이태원로220(한남동) 1층
,,,,,,,"서울특별시 중구 남대문로10길 6 1,2층"
,,,,,,,경기도 고양시 일산서구 한류월드로 300 원마운트스포츠몰 1층
,,,,,,,"경기도 수원시 영통구 이의동 1332 광교아브뉴프랑 1층 A122,123호"
,,,,,,,경기도 김포시 고촌읍 전호리 654번지 현대프리미엄아울렛김포3층 618호
,,,,,,,경상북도 경주시 엑스포로80(천군동)1층
,,,,,,,서울특별시 광진구 아차산로563(광장동) 대한제지빌딩 로비층
,,,,,,,경상남도 진주시 충의로 19 LH진주사옥 홍보관1층
,,,,,,,인천광역시 중구 공항로272 인천국제공항탑승동3층 FB-C5-68
,,,,,,,서울특별시 용산구 한강대로23길55 현대아이파크몰용산 서관6층
,,,,,,,서울특별시 중구 세종대로84 2층
,,,,,,,서울특별시 송파구 석촌호수로 222 제이타워 1층
,,,,,,,인천광역시 중구 공항로272 인천국제공항탑승동3층 FB-C5-57
,,,,,,,서울특별시 중구 명동8길 27(명동2가)
,,,,,,,"서울특별시 양천구 오목로 350 목동썬텍씨티빌딩 1층,2층"
,,,,,,,서울특별시 강동구 강동대로193 1층
,,,,,,,경기도 안양시 동안구 평촌대로 223번길 41(호계동 1045-9) 2층
,,,,,,,경기도 성남시 분당구 판교역로145(백현동) 판교알파돔 C2-3블럭 1층
,,,,,,,서울특별시 강남구 테헤란로521 파르나스몰 지하1층
,,,,,,,서울특별시 강남구 영동대로85길 9 (대치동) 서전빌딩1층
,,,,,,,서울특별시 강남구 삼성로86길 11 거봉빌딩 1층
,,,,,,,"서울특별시 서초구 반포대로4(서초동) 2층, 3층"
,,,,,,,서울특별시 강남구 영동대로 225 나무병원1층 (대치동994-5)
,,,,,,,서울특별시 강남구 봉은사로108 글라스톤빌딩1층
,,,,,,,서울특별시 마포구 성암로301 KLID한국지역정보개발원 1층
,,,,,,,"서울특별시 성북구 인촌로24길 25 (안암동5가) 2층,3층"
,,,,,,,"서울특별시 관악구 남부순환로1909 1,2층"
,,,,,,,"서울특별시 서대문구 대신동 50-5 1층,2층(B동)"
,,,,,,,"경기도 안양시 동안구 시민대로327번길 6, W 에이스타워 1층"
,,,,,,,경기도 부천시 부천로4 2층
,,,,,,,서울특별시 마포구 상암동 1610번지 DDMC 지하 1층
,,,,,,,"서울특별시 동대문구 장안동 372-1, 1층 일부 및 2층 전체"
,,,,,,,서울특별시 영등포구 문래동6가 5번지 1층
,,,,,,,서울특별시 강서구 화곡6동 1095번지 1층
,,,,,,,인천광역시 연수구 송도국제대로 165(송도동) 홈플러스송도점1층
,,,,,,,경기도 수원시 영통구 영통로 214번길 8 1층
,,,,,,,경기도 고양시 일산동구 중앙로 1193 마두법조빌딩 1층
,,,,,,,"경기도 수원시 팔달구 매산로 11, 2층"
,,,,,,,경기도 파주시 청암로 17번길 17 1층
,,,,,,,부산광역시 해운대구 해운대 해변로277 다옴빌딩1층
,,,,,,,서울특별시 서초구 동산로 1 1층
,,,,,,,서울특별시 서초구 신반포로47길 5 건물전체 1~3층
,,,,,,,서울특별시 강남구 삼성로 352 창진빌딩 1층 및 2층
,,,,,,,경기도 부천시 길주로 111 센타플라자 1층
,,,,,,,서울특별시 강남구 역삼동 718-20 태광타워 1층
,,,,,,,경기도 군포시 광정로58 1층 104호 및 2층
,,,,,,,경기도 용인시 기흥구 강남로 3 강남앤플러스 1층
,,,,,,,경기도 성남시 분당구 정자일로 227(정자동) 백궁지엔느주차전용빌딩 1층
,,,,,,,경기도 용인시 수지구 손곡로 95 송란빌딩 1층
,,,,,,,경기도 안양시 만안구 안양로304번길 12 세진빌딩 2층
,,,,,,,서울특별시 강동구 동남로 885 양지빌딩 1층
,,,,,,,서울특별시 강남구 테헤란로 111 2층
,,,,,,,서울특별시 마포구 양화로18안길 7 2층
,,,,,,,경기도 고양시 덕양구 화신로260번길 26 동민프라자 1층 103~107호
,,,,,,,서울특별시 중랑구 망우로 291 1층
,,,,,,,서울특별시 송파구 송파대로 111 송파파크하비오 205동 1층 110-113
,,,,,,,강원도 원주시 봉화로1 AK플라자원주점 1층
,,,,,,,서울특별시 서초구 서초대로 250 스타갤러리 브릿지 1층 101호
,,,,,,,"서울특별시 송파구 방이동 44-2, 장은빌딩 1층"
,,,,,,,"서울특별시 노원구 노해로 490, 길빌딩 2층"
,,,,,,,"서울특별시 송파구 송파대로 111, 송파 파크하비오 하비오길 극장로 203동 지하1층"
,,,,,,,서울특별시 송파구 문정동 643-1번지 엠스테이트 B동 지하1층
,,,,,,,서울특별시 영등포구 국제금융로8길31 여의도SK증권빌딩점 1층
,,,,,,,서울특별시 광진구 구의강변로 106 삼성쉐르빌 1층
,,,,,,,"서울특별시 강북구 한천로 139길 25, 1층 일부 및 2층 (수유동 191-70)"
,,,,,,,"서울특별시 마포구 독막로 13, 2층"
,,,,,,,"경기도 평택시 평남로 862, 로이드빌딩 1층"
,,,,,,,서울특별시 강동구 올림픽로 659 쌍용플래티넘리버 1층
,,,,,,,서울특별시 종로구 대학로 128 2층
,,,,,,,서울특별시 송파구 충민로 66 가든파이브 라이프동 테크노관 1층
,,,,,,,서울특별시 종로구 종로 70 2층
,,,,,,,"인천광역시 연수구 송도과학로 16번길 33-4 D동 119호,207호"
,,,,,,,서울특별시 강남구 도곡로 408 디마크빌딩 1층
,,,,,,,"서울특별시 마포구 월드컵로 3길 14, 푸르지오 2차 1층"
,,,,,,,"부산광역시 기장군 정관로 563 1층,2층"
,,,,,,,서울특별시 송파구 위례광장로 230 위례2차 아이파크 B동 1층
,,,,,,,부산광역시 수영구 수영로 667 1층
,,,,,,,서울특별시 서초구 서초대로 397 부띠크모나코 1층
,,,,,,,서울특별시 서초구 강남대로 475 2층
,,,,,,,"서울특별시 강남구 강남대로112길 20 1층, 2층"
,,,,,,,서울특별시 마포구 양화로 196(동교동)
,,,,,,,"서울특별시 은평구 은평로 121(응암동), 메디컬빌딩"
,,,,,,,서울특별시 송파구 방이동 206-11
,,,,,,,"경기도 수원시 권선구 수인로 291(구운동), 이마트 서수원점 1층"
,,,,,,,경기도 수원시 장안구 경수대로 989
,,,,,,,"서울특별시 강남구 도곡동 543-1, 지오빌딩 B1층"
,,,,,,,서울특별시 영등포구 국제금융로10 IFC Mall L2(2층)
,,,,,,,"경기도 수원시 장안구 서부로 2066, 성균관대 자연과학 캠퍼스 N센터 1층"
,,,,,,,"경기도 화성시 능동 453-4,453-8,454-1 소재 건물(1~3층)"
,,,,,,,서울특별시 강서구 마곡동로 55 마커스빌딩 1층
,,,,,,,경기도 성남시 수정구 수정로 190 (신흥동)
,,,,,,,"부산광역시 부산진구 서전로 12, 1층"
,,,,,,,서울특별시 강남구 선릉로 433 세방빌딩 1층
,,,,,,,경기도 성남시 분당구 야탑로64 DS타워 1층
,,,,,,,경기도 수원시 팔달구 인계로79 (인계동)
,,,,,,,인천광역시 중구 운서동 2868 인천공항 제2터미널 1층 연번(23-124)
,,,,,,,서울특별시 성북구 삼선교로 12 1층
,,,,,,,서울특별시 강서구 강서로 457(마곡동)
,,,,,,,서울특별시 용산구 한강대로95
